{
	"partitions" : [
		{
			"name" : "Top",
			"pins" : [
				{
					"name" : "equal",
					"strict" : false
				},
				{
					"name" : "notEqual",
					"strict" : false
				},
				{
					"name" : "ltSigned",
					"strict" : false
				},
				{
					"name" : "ltUnsigned",
					"strict" : false
				},
				{
					"name" : "input0[0]",
					"strict" : false
				},
				{
					"name" : "input0[1]",
					"strict" : false
				},
				{
					"name" : "input1[1]",
					"strict" : false
				},
				{
					"name" : "input1[0]",
					"strict" : false
				},
				{
					"name" : "input0[2]",
					"strict" : false
				},
				{
					"name" : "input0[3]",
					"strict" : false
				},
				{
					"name" : "input1[3]",
					"strict" : false
				},
				{
					"name" : "input1[2]",
					"strict" : false
				},
				{
					"name" : "input0[4]",
					"strict" : false
				},
				{
					"name" : "input0[5]",
					"strict" : false
				},
				{
					"name" : "input1[5]",
					"strict" : false
				},
				{
					"name" : "input1[4]",
					"strict" : false
				},
				{
					"name" : "input0[6]",
					"strict" : false
				},
				{
					"name" : "input0[7]",
					"strict" : false
				},
				{
					"name" : "input1[7]",
					"strict" : false
				},
				{
					"name" : "input1[6]",
					"strict" : false
				}
			]
		}
	]
}