{
	"partitions" : [
		{
			"name" : "Top",
			"pins" : [
				{
					"name" : "clkOut",
					"strict" : false
				},
				{
					"name" : "k[2]",
					"strict" : false
				},
				{
					"name" : "k[1]",
					"strict" : false
				},
				{
					"name" : "k[4]",
					"strict" : false
				},
				{
					"name" : "k[3]",
					"strict" : false
				},
				{
					"name" : "k[6]",
					"strict" : false
				},
				{
					"name" : "k[5]",
					"strict" : false
				},
				{
					"name" : "k[8]",
					"strict" : false
				},
				{
					"name" : "k[7]",
					"strict" : false
				},
				{
					"name" : "k[10]",
					"strict" : false
				},
				{
					"name" : "k[9]",
					"strict" : false
				},
				{
					"name" : "k[12]",
					"strict" : false
				},
				{
					"name" : "k[11]",
					"strict" : false
				},
				{
					"name" : "k[14]",
					"strict" : false
				},
				{
					"name" : "k[13]",
					"strict" : false
				},
				{
					"name" : "k[16]",
					"strict" : false
				},
				{
					"name" : "k[15]",
					"strict" : false
				},
				{
					"name" : "k[18]",
					"strict" : false
				},
				{
					"name" : "k[17]",
					"strict" : false
				},
				{
					"name" : "k[20]",
					"strict" : false
				},
				{
					"name" : "k[19]",
					"strict" : false
				},
				{
					"name" : "k[22]",
					"strict" : false
				},
				{
					"name" : "k[21]",
					"strict" : false
				},
				{
					"name" : "k[24]",
					"strict" : false
				},
				{
					"name" : "k[23]",
					"strict" : false
				},
				{
					"name" : "k[26]",
					"strict" : false
				},
				{
					"name" : "k[25]",
					"strict" : false
				},
				{
					"name" : "k[28]",
					"strict" : false
				},
				{
					"name" : "k[27]",
					"strict" : false
				},
				{
					"name" : "k[30]",
					"strict" : false
				},
				{
					"name" : "k[29]",
					"strict" : false
				},
				{
					"name" : "k[31]",
					"strict" : false
				},
				{
					"name" : "reset",
					"strict" : false
				},
				{
					"name" : "k[0]",
					"strict" : false
				},
				{
					"name" : "clkIn",
					"strict" : false
				}
			]
		}
	]
}